,old
0,"Earn Wednesday Week 20: USDT, ROSE, STX & More"
1,"VAI Flexible Promotion, Enjoy an APR of 24%!​"
2,"DCK-60D Fixed Promotion, Enjoy an APR of 100%!​"
3,"Join Earn Subscription Competition to Share 500,000 USDT Rate-Up Coupons!"
4,"Earn Wednesday Week 19: USDT, SOL, INJ & More"
5,"RLTM-30D Fixed Promotion, Enjoy an APR of 200%!​"
0,"Earn Wednesday Week 20: USDT, ROSE, STX & More"
1,"VAI Flexible Promotion, Enjoy an APR of 24%!​"
2,"DCK-60D Fixed Promotion, Enjoy an APR of 100%!​"
3,"Join Earn Subscription Competition to Share 500,000 USDT Rate-Up Coupons!"
4,"Earn Wednesday Week 19: USDT, SOL, INJ & More"
5,"RLTM-30D Fixed Promotion, Enjoy an APR of 200%!​"
6,"More Rewards With Earn Happy Wednesday: Nov 1, 2023"
7,"Trade VRA to Earn From 50,000 USDT Prize Pool"
8,"Bybit Launchpool: Stake TIA to Earn a Share of 25,000 TIA"
9,New Referral Season: Invite Friends & Earn Up to 500 USDT!
10,Bybit Quests: Learn How To Use Bybit Earn and Stand to Win 25 USDT
0,"Earn Wednesday Week 20: USDT, ROSE, STX & More"
1,"VAI Flexible Promotion, Enjoy an APR of 24%!​"
2,"DCK-60D Fixed Promotion, Enjoy an APR of 100%!​"
3,"Join Earn Subscription Competition to Share 500,000 USDT Rate-Up Coupons!"
4,"Earn Wednesday Week 19: USDT, SOL, INJ & More"
5,"RLTM-30D Fixed Promotion, Enjoy an APR of 200%!​"
6,"More Rewards With Earn Happy Wednesday: Nov 1, 2023"
7,"Trade VRA to Earn From 50,000 USDT Prize Pool"
8,"Bybit Launchpool: Stake TIA to Earn a Share of 25,000 TIA"
9,New Referral Season: Invite Friends & Earn Up to 500 USDT!
10,Bybit Quests: Learn How To Use Bybit Earn and Stand to Win 25 USDT
11,Gate.io HODL & Earn: Lock KStarNFT (KNFT)To Earn 150% APR...
0,"Earn Wednesday Week 20: USDT, ROSE, STX & More"
1,"VAI Flexible Promotion, Enjoy an APR of 24%!​"
2,"DCK-60D Fixed Promotion, Enjoy an APR of 100%!​"
3,"Join Earn Subscription Competition to Share 500,000 USDT Rate-Up Coupons!"
4,"Earn Wednesday Week 19: USDT, SOL, INJ & More"
5,"RLTM-30D Fixed Promotion, Enjoy an APR of 200%!​"
6,"More Rewards With Earn Happy Wednesday: Nov 1, 2023"
7,"Trade VRA to Earn From 50,000 USDT Prize Pool"
8,"Bybit Launchpool: Stake TIA to Earn a Share of 25,000 TIA"
9,New Referral Season: Invite Friends & Earn Up to 500 USDT!
10,Bybit Quests: Learn How To Use Bybit Earn and Stand to Win 25 USDT
11,Gate.io HODL & Earn: Lock KStarNFT (KNFT)To Earn 150% APR...
12,OKX to list perpetual for TIA and enable margin trading and Simple Earn
13,OKX will launch SKL staking and Flash deals with the 19th phase of subscriptions coming soon
14,OKX Staking undergoing upgrade
15,OKX will launch LPT staking and Flash deals with the 18th phase of subscriptions coming soon
16,"OKX launches SUSHI-ETH, DAI-ETH, USDC-ETH liquidity mining and CRV, SNX DeFi staking"
17,OKX Earn launches NU staking and Flash deals with sixth phase of subscriptions coming soon
18,OKX will launch LUNA staking and Flash deals with fifth phase of subscriptions coming soon
19,OKX launches COMP defi staking
20,OKX launches VELO staking with 120% estimated yield
21,OKX launches SUSHI defi staking
22,OKX Earn launches Flash deals with fourth phase of subscriptions coming soon
23,OKX Earn launches Flash deals with third phase of subscriptions coming soon
0,"Earn Wednesday Week 20: USDT, ROSE, STX & More"
1,"VAI Flexible Promotion, Enjoy an APR of 24%!​"
2,"DCK-60D Fixed Promotion, Enjoy an APR of 100%!​"
3,"Join Earn Subscription Competition to Share 500,000 USDT Rate-Up Coupons!"
4,"Earn Wednesday Week 19: USDT, SOL, INJ & More"
5,"RLTM-30D Fixed Promotion, Enjoy an APR of 200%!​"
6,"More Rewards With Earn Happy Wednesday: Nov 1, 2023"
7,"Trade VRA to Earn From 50,000 USDT Prize Pool"
8,"Bybit Launchpool: Stake TIA to Earn a Share of 25,000 TIA"
9,New Referral Season: Invite Friends & Earn Up to 500 USDT!
10,Bybit Quests: Learn How To Use Bybit Earn and Stand to Win 25 USDT
11,Gate.io HODL & Earn: Lock KStarNFT (KNFT)To Earn 150% APR...
12,OKX to list perpetual for TIA and enable margin trading and Simple Earn
13,OKX will launch SKL staking and Flash deals with the 19th phase of subscriptions coming soon
14,OKX Staking undergoing upgrade
15,OKX will launch LPT staking and Flash deals with the 18th phase of subscriptions coming soon
16,"OKX launches SUSHI-ETH, DAI-ETH, USDC-ETH liquidity mining and CRV, SNX DeFi staking"
17,OKX Earn launches NU staking and Flash deals with sixth phase of subscriptions coming soon
18,OKX will launch LUNA staking and Flash deals with fifth phase of subscriptions coming soon
19,OKX launches COMP defi staking
20,OKX launches VELO staking with 120% estimated yield
21,OKX launches SUSHI defi staking
22,OKX Earn launches Flash deals with fourth phase of subscriptions coming soon
23,OKX Earn launches Flash deals with third phase of subscriptions coming soon
24,HTX Learn's Learn & Earn: Learn About Copy Trading and Earn Futures Trial Bonuses
25,HTX Learn's Learn & Earn : Learn About PrimeVote to Earn USDT
26,Refer Friends and Earn 20 USDT
27,HTX Earn to Launch High-Yield NewList Product: Up to 25% APY on POLC
0,Bybit Savings: APR Adjustment for USDT and BTC
0,Bybit Savings: APR Adjustment for USDT and BTC
1,Gate.io New USDT Lock & Earn Bonus: Earn up to 40% APR for New Users!...
2,Gate.io Structured Product Launched: Earn up to 14% APR...
3,Gate.io Supports Lend & Earn TIA/SNT/SQUAD: Real-Time APR Reaches 499.32%!...
0,Bybit Savings: APR Adjustment for USDT and BTC
1,Gate.io New USDT Lock & Earn Bonus: Earn up to 40% APR for New Users!...
2,Gate.io Structured Product Launched: Earn up to 14% APR...
3,Gate.io Supports Lend & Earn TIA/SNT/SQUAD: Real-Time APR Reaches 499.32%!...
4,Notice regarding the delisting of the MOVR and BTT Simple Earn fixed products
0,Bybit Savings: APR Adjustment for USDT and BTC
1,Gate.io New USDT Lock & Earn Bonus: Earn up to 40% APR for New Users!...
2,Gate.io Structured Product Launched: Earn up to 14% APR...
3,Gate.io Supports Lend & Earn TIA/SNT/SQUAD: Real-Time APR Reaches 499.32%!...
4,Notice regarding the delisting of the MOVR and BTT Simple Earn fixed products
0,"Earn Wednesday Week 21: USDT, INJ, HYDRA & More"
1,ETH Staking Competition: Stake to Win 20% Extra Rewards!
0,"Earn Wednesday Week 21: USDT, INJ, HYDRA & More"
1,ETH Staking Competition: Stake to Win 20% Extra Rewards!
2,"Africa Exclusive: Earn Big with MEME/USDT Listing – Register, Share and Invite!"
3,"Join the MEME/USDT listing party - Invite, Share and Earn reward"
4,Bybit x TON Odyssey: Up to 5.5 TON Giveaway & Exclusive 20% APR Staking Opportunities
5,"More Rewards With Earn Happy Wednesday: Nov 8, 2023"
0,"Earn Wednesday Week 21: USDT, INJ, HYDRA & More"
1,ETH Staking Competition: Stake to Win 20% Extra Rewards!
2,"Africa Exclusive: Earn Big with MEME/USDT Listing – Register, Share and Invite!"
3,"Join the MEME/USDT listing party - Invite, Share and Earn reward"
4,Bybit x TON Odyssey: Up to 5.5 TON Giveaway & Exclusive 20% APR Staking Opportunities
5,"More Rewards With Earn Happy Wednesday: Nov 8, 2023"
6,Gate.io Lend & Earn Provides Auto-Earn Service...
0,"Earn Wednesday Week 21: USDT, INJ, HYDRA & More"
1,ETH Staking Competition: Stake to Win 20% Extra Rewards!
2,"Africa Exclusive: Earn Big with MEME/USDT Listing – Register, Share and Invite!"
3,"Join the MEME/USDT listing party - Invite, Share and Earn reward"
4,Bybit x TON Odyssey: Up to 5.5 TON Giveaway & Exclusive 20% APR Staking Opportunities
5,"More Rewards With Earn Happy Wednesday: Nov 8, 2023"
6,Gate.io Lend & Earn Provides Auto-Earn Service...
7,Open API for ETH Staking
8,OKX to list perpetual for MEME and enable margin trading and Simple Earn
0,"Earn Wednesday Week 21: USDT, INJ, HYDRA & More"
1,ETH Staking Competition: Stake to Win 20% Extra Rewards!
2,"Africa Exclusive: Earn Big with MEME/USDT Listing – Register, Share and Invite!"
3,"Join the MEME/USDT listing party - Invite, Share and Earn reward"
4,Bybit x TON Odyssey: Up to 5.5 TON Giveaway & Exclusive 20% APR Staking Opportunities
5,"More Rewards With Earn Happy Wednesday: Nov 8, 2023"
6,Gate.io Lend & Earn Provides Auto-Earn Service...
7,Open API for ETH Staking
8,OKX to list perpetual for MEME and enable margin trading and Simple Earn
0,Fiat Gateway Welcome Offer: Get Started and Earn 10 USDT Effortlessly
0,Fiat Gateway Welcome Offer: Get Started and Earn 10 USDT Effortlessly
1,Gate.io Crazy Friday#24: Earn 4% High APR on Top Cryptos with 3-Days Lockup Period...
0,Fiat Gateway Welcome Offer: Get Started and Earn 10 USDT Effortlessly
1,Gate.io Crazy Friday#24: Earn 4% High APR on Top Cryptos with 3-Days Lockup Period...
2,Notice regarding the delisting of some Simple Earn fixed products
0,Fiat Gateway Welcome Offer: Get Started and Earn 10 USDT Effortlessly
1,Gate.io Crazy Friday#24: Earn 4% High APR on Top Cryptos with 3-Days Lockup Period...
2,Notice regarding the delisting of some Simple Earn fixed products
0,Gate.io Structured Product Launched: Enjoy weekend & Earn up to 15% APR...
0,Gate.io Structured Product Launched: Enjoy weekend & Earn up to 15% APR...
0,Gate.io Structured Product Launched: Enjoy weekend & Earn up to 15% APR...
0,EU Exclusive: Deposit to Earn Double Rewards With Fiat Gateway x Bybit Card
0,EU Exclusive: Deposit to Earn Double Rewards With Fiat Gateway x Bybit Card
1,Gate.io Boosts Your Lend & Earn Earnings: Lend out USDT to Earn Extra 4.25% APR(98.6% filled)...
2,Gate.io Structured Product Launched: Earn up to 8% APR...
3,Gate.io Double Earning Monday: 200% Stable APR & 250% APR for New Users...
0,EU Exclusive: Deposit to Earn Double Rewards With Fiat Gateway x Bybit Card
1,Gate.io Boosts Your Lend & Earn Earnings: Lend out USDT to Earn Extra 4.25% APR(98.6% filled)...
2,Gate.io Structured Product Launched: Earn up to 8% APR...
3,Gate.io Double Earning Monday: 200% Stable APR & 250% APR for New Users...
0,EU Exclusive: Deposit to Earn Double Rewards With Fiat Gateway x Bybit Card
1,Gate.io Boosts Your Lend & Earn Earnings: Lend out USDT to Earn Extra 4.25% APR(98.6% filled)...
2,Gate.io Structured Product Launched: Earn up to 8% APR...
3,Gate.io Double Earning Monday: 200% Stable APR & 250% APR for New Users...
0,Join Our Demo Trading Bonanza and Earn Up to 25 USDT in Coupons!
0,Join Our Demo Trading Bonanza and Earn Up to 25 USDT in Coupons!
0,Join Our Demo Trading Bonanza and Earn Up to 25 USDT in Coupons!
0,Join Our Demo Trading Bonanza and Earn Up to 25 USDT in Coupons!
0,"Earn Wednesday Week 22: USDT, KAVA, MATIC& More"
0,"Earn Wednesday Week 22: USDT, KAVA, MATIC& More"
1,"More Rewards With Earn Happy Wednesday: Nov 15, 2023"
0,"Earn Wednesday Week 22: USDT, KAVA, MATIC& More"
1,"More Rewards With Earn Happy Wednesday: Nov 15, 2023"
2,Gate.io Structured Product Launched: Earn up to 13% APR...
3,"Gate.io Latest Lend & Earn USDT Bonus Boost, Offering Up to 9.51% APR!..."
4,Gate.io HODL & Earn: Lock Picasso Network (PICA) To Earn 150% APR...
0,"Earn Wednesday Week 22: USDT, KAVA, MATIC& More"
1,"More Rewards With Earn Happy Wednesday: Nov 15, 2023"
2,Gate.io Structured Product Launched: Earn up to 13% APR...
3,"Gate.io Latest Lend & Earn USDT Bonus Boost, Offering Up to 9.51% APR!..."
4,Gate.io HODL & Earn: Lock Picasso Network (PICA) To Earn 150% APR...
0,"Earn Wednesday Week 22: USDT, KAVA, MATIC& More"
1,"More Rewards With Earn Happy Wednesday: Nov 15, 2023"
2,Gate.io Structured Product Launched: Earn up to 13% APR...
3,"Gate.io Latest Lend & Earn USDT Bonus Boost, Offering Up to 9.51% APR!..."
4,Gate.io HODL & Earn: Lock Picasso Network (PICA) To Earn 150% APR...
0,Gate.io Supports Lend & Earn AERGO/MOVR/SATS: Real-Time APR Reaches 495.82%!...
1,"Gate Wealth Thursday: New Bullish & Bearish SharkFin Launch, Earn up to 14% APR on USDT, BTC, and ET..."
2,"Smart Investing with Gate.io 'Lend & Earn': Customize Rates, Flexible Deposits & Withdrawals..."
0,Gate.io Supports Lend & Earn AERGO/MOVR/SATS: Real-Time APR Reaches 495.82%!...
1,"Gate Wealth Thursday: New Bullish & Bearish SharkFin Launch, Earn up to 14% APR on USDT, BTC, and ET..."
2,"Smart Investing with Gate.io 'Lend & Earn': Customize Rates, Flexible Deposits & Withdrawals..."
3,Notice regarding the delisting of some Simple Earn fixed products(2)
0,Gate.io Supports Lend & Earn AERGO/MOVR/SATS: Real-Time APR Reaches 495.82%!...
1,"Gate Wealth Thursday: New Bullish & Bearish SharkFin Launch, Earn up to 14% APR on USDT, BTC, and ET..."
2,"Smart Investing with Gate.io 'Lend & Earn': Customize Rates, Flexible Deposits & Withdrawals..."
3,Notice regarding the delisting of some Simple Earn fixed products(2)
0,"GEEQ-30D Fixed Promotion, Enjoy an APR of 15%!​"
0,"GEEQ-30D Fixed Promotion, Enjoy an APR of 15%!​"
0,"GEEQ-30D Fixed Promotion, Enjoy an APR of 15%!​"
1,Gate.io Crazy Friday#25: Earn 4% High APR on Top Cryptos with 3-Days Lockup Period...
0,"GEEQ-30D Fixed Promotion, Enjoy an APR of 15%!​"
1,Gate.io Crazy Friday#25: Earn 4% High APR on Top Cryptos with 3-Days Lockup Period...
0,"GEEQ-30D Fixed Promotion, Enjoy an APR of 15%!​"
1,Gate.io Crazy Friday#25: Earn 4% High APR on Top Cryptos with 3-Days Lockup Period...
0,"[Africa & South Asia Exclusive] Stake & Earn a share of $10,000 in rewards"
0,"[Africa & South Asia Exclusive] Stake & Earn a share of $10,000 in rewards"
1,"Gate.io Updates the Function of ""Check in & Earn Points""..."
2,Gate.io  Will Adjust Trading Fee for AMM Fixed Markets...
0,"[Africa & South Asia Exclusive] Stake & Earn a share of $10,000 in rewards"
1,"Gate.io Updates the Function of ""Check in & Earn Points""..."
2,Gate.io  Will Adjust Trading Fee for AMM Fixed Markets...
0,"[Africa & South Asia Exclusive] Stake & Earn a share of $10,000 in rewards"
1,"Gate.io Updates the Function of ""Check in & Earn Points""..."
2,Gate.io  Will Adjust Trading Fee for AMM Fixed Markets...
0,"UNO-30D Fixed Promotion, Enjoy an APR of 25%!​"
1,"AVA Flexible Promotion, Enjoy an APR of 5%!​"
0,"UNO-30D Fixed Promotion, Enjoy an APR of 25%!​"
1,"AVA Flexible Promotion, Enjoy an APR of 5%!​"
2,"[Africa & South Asia Exclusive] Stake & Earn a share of $10,000 in rewards."
0,"UNO-30D Fixed Promotion, Enjoy an APR of 25%!​"
1,"AVA Flexible Promotion, Enjoy an APR of 5%!​"
2,"[Africa & South Asia Exclusive] Stake & Earn a share of $10,000 in rewards."
0,"UNO-30D Fixed Promotion, Enjoy an APR of 25%!​"
1,"AVA Flexible Promotion, Enjoy an APR of 5%!​"
2,"[Africa & South Asia Exclusive] Stake & Earn a share of $10,000 in rewards."
0,"UNO-30D Fixed Promotion, Enjoy an APR of 25%!​"
1,"AVA Flexible Promotion, Enjoy an APR of 5%!​"
2,"[Africa & South Asia Exclusive] Stake & Earn a share of $10,000 in rewards."
0,Gate.io Supports Lend & Earn SKL/AIOZ/SEI: Real-Time APR Reaches 499.32%!...
0,Gate.io Supports Lend & Earn SKL/AIOZ/SEI: Real-Time APR Reaches 499.32%!...
1,OKX to list perpetual for PYTH and enable margin trading and Simple Earn
2,[Update 16 Nov] New information regarding the delisting of some Simple Earn fixed products
0,Gate.io Supports Lend & Earn SKL/AIOZ/SEI: Real-Time APR Reaches 499.32%!...
1,OKX to list perpetual for PYTH and enable margin trading and Simple Earn
2,[Update 16 Nov] New information regarding the delisting of some Simple Earn fixed products
0,Earn Wednesday Week 23: 6% USDT APR!
0,Earn Wednesday Week 23: 6% USDT APR!
1,"More Rewards With Earn Happy Wednesday: Nov 22, 2023"
0,Earn Wednesday Week 23: 6% USDT APR!
1,"More Rewards With Earn Happy Wednesday: Nov 22, 2023"
0,Earn Wednesday Week 23: 6% USDT APR!
1,"More Rewards With Earn Happy Wednesday: Nov 22, 2023"
2,OKX to list perpetual for SSV and enable margin trading and Simple Earn
0,Earn Wednesday Week 23: 6% USDT APR!
1,"More Rewards With Earn Happy Wednesday: Nov 22, 2023"
2,OKX to list perpetual for SSV and enable margin trading and Simple Earn
0,"New to Flexible Crypto Loan, Rewards Up to $15..."
0,"New to Flexible Crypto Loan, Rewards Up to $15..."
1,[Update 23 Nov] New information regarding the delisting of some Simple Earn fixed products
0,"New to Flexible Crypto Loan, Rewards Up to $15..."
1,[Update 23 Nov] New information regarding the delisting of some Simple Earn fixed products
0,Earn Limited Time Offer: 10% Extra Staking APR & 16% USDT APR!
0,Earn Limited Time Offer: 10% Extra Staking APR & 16% USDT APR!
1,Referral Anniversary Fiesta: Earn BTC and a Tesla!
2,"Deposit to Earn From 465,000 KAS Prize Pool"
0,Earn Limited Time Offer: 10% Extra Staking APR & 16% USDT APR!
1,Referral Anniversary Fiesta: Earn BTC and a Tesla!
2,"Deposit to Earn From 465,000 KAS Prize Pool"
0,Earn Limited Time Offer: 10% Extra Staking APR & 16% USDT APR!
1,Referral Anniversary Fiesta: Earn BTC and a Tesla!
2,"Deposit to Earn From 465,000 KAS Prize Pool"
0,Earn Limited Time Offer: 10% Extra Staking APR & 16% USDT APR!
1,Referral Anniversary Fiesta: Earn BTC and a Tesla!
2,"Deposit to Earn From 465,000 KAS Prize Pool"
0,"#High5Bybit Options Challenge — Trade to Earn From 10,000 USDT Prize Pool"
0,"#High5Bybit Options Challenge — Trade to Earn From 10,000 USDT Prize Pool"
1,"Gate.io ETH2.0 Staking with Zero Fees, Fast Redemption of Large ETH Amounts, Boosting User Wealth Ex..."
0,"#High5Bybit Options Challenge — Trade to Earn From 10,000 USDT Prize Pool"
1,"Gate.io ETH2.0 Staking with Zero Fees, Fast Redemption of Large ETH Amounts, Boosting User Wealth Ex..."
2,OKX to list perpetual for FET and AGIX and enable margin trading and Simple Earn
3,OKX Web3 Launches Cryptopedia on Web: Play DApps and Earn Rewards Across Multiple Platforms
0,"#High5Bybit Options Challenge — Trade to Earn From 10,000 USDT Prize Pool"
1,"Gate.io ETH2.0 Staking with Zero Fees, Fast Redemption of Large ETH Amounts, Boosting User Wealth Ex..."
2,OKX to list perpetual for FET and AGIX and enable margin trading and Simple Earn
3,OKX Web3 Launches Cryptopedia on Web: Play DApps and Earn Rewards Across Multiple Platforms
0,Lead Trader's Special Competition: Join to Earn Compensation Rights for Copying Liquidation!...
0,Lead Trader's Special Competition: Join to Earn Compensation Rights for Copying Liquidation!...
1,Important information regarding MATIC launching on On-chain Earn
0,Lead Trader's Special Competition: Join to Earn Compensation Rights for Copying Liquidation!...
1,Important information regarding MATIC launching on On-chain Earn
0,"Earn Wednesday Week 24: USDT, ROSE, STX & More"
0,"Earn Wednesday Week 24: USDT, ROSE, STX & More"
1,"More Rewards With Earn Happy Wednesday: Nov 29, 2023"
0,"Earn Wednesday Week 24: USDT, ROSE, STX & More"
1,"More Rewards With Earn Happy Wednesday: Nov 29, 2023"
2,"Gate.io Lend & Earn USDT Bonus Now Doubled, Boost Up to 14.13% APR!..."
3,Gate.io Supports Lend & Earn XCN/RARE/SUPER: Real-Time APR Reaches 499.32%!...
4,Gate.io Lend & Earn: Earn Interest Worry-Free...
0,"Earn Wednesday Week 24: USDT, ROSE, STX & More"
1,"More Rewards With Earn Happy Wednesday: Nov 29, 2023"
2,"Gate.io Lend & Earn USDT Bonus Now Doubled, Boost Up to 14.13% APR!..."
3,Gate.io Supports Lend & Earn XCN/RARE/SUPER: Real-Time APR Reaches 499.32%!...
4,Gate.io Lend & Earn: Earn Interest Worry-Free...
5,New information regarding the delisting of LOOKS(Looks Rare) Onchain Earn product
0,"Earn Wednesday Week 24: USDT, ROSE, STX & More"
1,"More Rewards With Earn Happy Wednesday: Nov 29, 2023"
2,"Gate.io Lend & Earn USDT Bonus Now Doubled, Boost Up to 14.13% APR!..."
3,Gate.io Supports Lend & Earn XCN/RARE/SUPER: Real-Time APR Reaches 499.32%!...
4,Gate.io Lend & Earn: Earn Interest Worry-Free...
5,New information regarding the delisting of LOOKS(Looks Rare) Onchain Earn product
0,OKX to list perpetual for INJ and enable margin trading and Simple Earn
1,[Update 30 Nov] New information regarding the delisting of some Simple Earn fixed products
0,OKX to list perpetual for INJ and enable margin trading and Simple Earn
1,[Update 30 Nov] New information regarding the delisting of some Simple Earn fixed products
0,Gate.io Crazy Friday#27: Earn 4% High APR on Top Cryptos with 3-Days Lockup Period...
0,Gate.io Crazy Friday#27: Earn 4% High APR on Top Cryptos with 3-Days Lockup Period...
1,OKX to list perpetual for AUCTION and enable margin trading and Simple Earn
0,Gate.io Crazy Friday#27: Earn 4% High APR on Top Cryptos with 3-Days Lockup Period...
1,OKX to list perpetual for AUCTION and enable margin trading and Simple Earn
0,"More Rewards With Earn Happy Wednesday: Dec 6, 2023"
1,"Solstice of Solana: Deposit Ecosystem Tokens to Earn From a 30,000 USDT Prize Pool!"
0,"More Rewards With Earn Happy Wednesday: Dec 6, 2023"
1,"Solstice of Solana: Deposit Ecosystem Tokens to Earn From a 30,000 USDT Prize Pool!"
0,"More Rewards With Earn Happy Wednesday: Dec 6, 2023"
1,"Solstice of Solana: Deposit Ecosystem Tokens to Earn From a 30,000 USDT Prize Pool!"
0,Earn Wednesday Week 25: USDC 6% APR
1,"NUM Flexible Promotion, Enjoy an APR of 12%!​"
0,Earn Wednesday Week 25: USDC 6% APR
1,"NUM Flexible Promotion, Enjoy an APR of 12%!​"
2,Bybit Web3 x Mantle Journey Moonshot: Earn Token Rewards From 8 Featured Protocols
0,Earn Wednesday Week 25: USDC 6% APR
1,"NUM Flexible Promotion, Enjoy an APR of 12%!​"
2,Bybit Web3 x Mantle Journey Moonshot: Earn Token Rewards From 8 Featured Protocols
0,Earn Wednesday Week 25: USDC 6% APR
1,"NUM Flexible Promotion, Enjoy an APR of 12%!​"
2,Bybit Web3 x Mantle Journey Moonshot: Earn Token Rewards From 8 Featured Protocols
0,"DOT, CRO and TRX launching on On-chain Earn"
1,[Update 7 Dec] New information regarding the delisting of some Simple Earn fixed products
0,"DOT, CRO and TRX launching on On-chain Earn"
1,[Update 7 Dec] New information regarding the delisting of some Simple Earn fixed products
0,"OKX to list perpetual for ID crypto, along with its margin trading and Simple Earn"
0,"OKX to list perpetual for ID crypto, along with its margin trading and Simple Earn"
0,"Bybit Savings: Earn Up to 2.8% APR With LUNC, FIL, ICP, EGLD"
0,"Bybit Savings: Earn Up to 2.8% APR With LUNC, FIL, ICP, EGLD"
1,"Gate.io Lend & Earn USDT Bonus Boost, Earn Up to 15% APR (Limited GT Bonus)!..."
0,"Bybit Savings: Earn Up to 2.8% APR With LUNC, FIL, ICP, EGLD"
1,"Gate.io Lend & Earn USDT Bonus Boost, Earn Up to 15% APR (Limited GT Bonus)!..."
2,"Seagull promotions: subscribe and earn up to 2,000 USDT in rewards!"
3,"OKX to list perpetual for RON crypto, along with its margin trading and Simple Earn"
0,"Bybit Savings: Earn Up to 2.8% APR With LUNC, FIL, ICP, EGLD"
1,"Gate.io Lend & Earn USDT Bonus Boost, Earn Up to 15% APR (Limited GT Bonus)!..."
2,"Seagull promotions: subscribe and earn up to 2,000 USDT in rewards!"
3,"OKX to list perpetual for RON crypto, along with its margin trading and Simple Earn"
0,New User Rewards: Enjoy a 3% BTC APR & a 100% USDT APR on KuCoin Earn
0,New User Rewards: Enjoy a 3% BTC APR & a 100% USDT APR on KuCoin Earn
0,New User Rewards: Enjoy a 3% BTC APR & a 100% USDT APR on KuCoin Earn
0,New User Rewards: Enjoy a 3% BTC APR & a 100% USDT APR on KuCoin Earn
0,New User Rewards: Enjoy a 3% BTC APR & a 100% USDT APR on KuCoin Earn
0,"Spend More, Earn More: Unwrap Unlimited Cashback Rewards with KuCard this Christmas!"
1,"Earn Wednesday Week 26: USDC, XPRT, ETH & More"
0,"Spend More, Earn More: Unwrap Unlimited Cashback Rewards with KuCard this Christmas!"
1,"Earn Wednesday Week 26: USDC, XPRT, ETH & More"
2,"More Rewards With Earn Happy Wednesday: Dec 13, 2023"
0,"Spend More, Earn More: Unwrap Unlimited Cashback Rewards with KuCard this Christmas!"
1,"Earn Wednesday Week 26: USDC, XPRT, ETH & More"
2,"More Rewards With Earn Happy Wednesday: Dec 13, 2023"
3,Gate.io Lend & Earn Experience Journey -  Voice Your Feedback & Snag 5 GT!...
4,Gate.io Lend & Earn Supports Auto-Compounding Feature...
0,"Spend More, Earn More: Unwrap Unlimited Cashback Rewards with KuCard this Christmas!"
1,"Earn Wednesday Week 26: USDC, XPRT, ETH & More"
2,"More Rewards With Earn Happy Wednesday: Dec 13, 2023"
3,Gate.io Lend & Earn Experience Journey -  Voice Your Feedback & Snag 5 GT!...
4,Gate.io Lend & Earn Supports Auto-Compounding Feature...
0,"Spend More, Earn More: Unwrap Unlimited Cashback Rewards with KuCard this Christmas!"
1,"Earn Wednesday Week 26: USDC, XPRT, ETH & More"
2,"More Rewards With Earn Happy Wednesday: Dec 13, 2023"
3,Gate.io Lend & Earn Experience Journey -  Voice Your Feedback & Snag 5 GT!...
4,Gate.io Lend & Earn Supports Auto-Compounding Feature...
0,"Xmas Merry & Earnest: Unlock Up to 55% APR and a 1,000 USDT Bonus!"
0,"Xmas Merry & Earnest: Unlock Up to 55% APR and a 1,000 USDT Bonus!"
0,"Xmas Merry & Earnest: Unlock Up to 55% APR and a 1,000 USDT Bonus!"
1,SOL and CORE launching on On-chain Earn
2,"OKX to list perpetual for CTC and TURBO crypto, along with its margin trading and Simple Earn"
0,"Xmas Merry & Earnest: Unlock Up to 55% APR and a 1,000 USDT Bonus!"
1,SOL and CORE launching on On-chain Earn
2,"OKX to list perpetual for CTC and TURBO crypto, along with its margin trading and Simple Earn"
0,"Discover Bybit Earn Updates (Dec 15, 2023)"
0,"Discover Bybit Earn Updates (Dec 15, 2023)"
0,"Discover Bybit Earn Updates (Dec 15, 2023)"
1,"OKX to list perpetual for SATS crypto, along with its margin trading and Simple Earn"
0,"Discover Bybit Earn Updates (Dec 15, 2023)"
1,"OKX to list perpetual for SATS crypto, along with its margin trading and Simple Earn"
0,"SWASH-30D Fixed Promotion, Enjoy an APR of 100%!​"
1,"ROOT-30D Fixed Promotion, Enjoy an APR of 100%!​"
0,"SWASH-30D Fixed Promotion, Enjoy an APR of 100%!​"
1,"ROOT-30D Fixed Promotion, Enjoy an APR of 100%!​"
0,"SWASH-30D Fixed Promotion, Enjoy an APR of 100%!​"
1,"ROOT-30D Fixed Promotion, Enjoy an APR of 100%!​"
2,"Gate.io Lend & Earn USDT Bonus Boost, Earn Up to 19.38% APR (Limited GT Bonus)!..."
0,"SWASH-30D Fixed Promotion, Enjoy an APR of 100%!​"
1,"ROOT-30D Fixed Promotion, Enjoy an APR of 100%!​"
2,"Gate.io Lend & Earn USDT Bonus Boost, Earn Up to 19.38% APR (Limited GT Bonus)!..."
3,"OKX to list perpetual for ACE crypto, along with its margin trading and Simple Earn"
0,"SWASH-30D Fixed Promotion, Enjoy an APR of 100%!​"
1,"ROOT-30D Fixed Promotion, Enjoy an APR of 100%!​"
2,"Gate.io Lend & Earn USDT Bonus Boost, Earn Up to 19.38% APR (Limited GT Bonus)!..."
3,"OKX to list perpetual for ACE crypto, along with its margin trading and Simple Earn"
0,Congratulations to Bybit Web3 Staking Super Boost Season 2 Winners!
0,Congratulations to Bybit Web3 Staking Super Boost Season 2 Winners!
0,Congratulations to Bybit Web3 Staking Super Boost Season 2 Winners!
0,Congratulations to Bybit Web3 Staking Super Boost Season 2 Winners!
0,"Earn Wednesday Week 27: USDC, KAVA, MATIC& More"
0,"Earn Wednesday Week 27: USDC, KAVA, MATIC& More"
0,"Earn Wednesday Week 27: USDC, KAVA, MATIC& More"
1,"Gate.io Lend & Earn USDT Bonus Boost, Earn Up to 18.51% APR (Limited GT Bonus)!..."
0,"Earn Wednesday Week 27: USDC, KAVA, MATIC& More"
1,"Gate.io Lend & Earn USDT Bonus Boost, Earn Up to 18.51% APR (Limited GT Bonus)!..."
2,"Published on Dec 18, 2023Updated on Dec 18, 2023OKX to list perpetual for ACE crypto, along with its margin trading and Simple Earn"
3,"Published on Dec 15, 2023Updated on Dec 15, 2023OKX to list perpetual for SATS crypto, along with its margin trading and Simple Earn"
4,"Published on Dec 14, 2023Updated on Dec 18, 2023SOL and CORE launching on On-chain Earn"
5,"Published on Nov 27, 2023Updated on Dec 15, 2023OKX Web3 Launches Cryptopedia on Web: Play DApps and Earn Rewards Across Multiple Platforms"
6,"Published on Nov 17, 2021Updated on Dec 15, 2023OKX will launch SKL staking and Flash deals with the 19th phase of subscriptions coming soon"
7,"Published on Nov 14, 2021Updated on Dec 15, 2023OKX Staking undergoing upgrade"
8,"Published on Nov 9, 2021Updated on Dec 15, 2023OKX will launch LPT staking and Flash deals with the 18th phase of subscriptions coming soon"
9,"Published on Aug 30, 2021Updated on Dec 14, 2023OKX launches SUSHI-ETH, DAI-ETH, USDC-ETH liquidity mining and CRV, SNX DeFi staking"
10,"Published on Aug 25, 2021Updated on Dec 14, 2023OKX Earn launches NU staking and Flash deals with sixth phase of subscriptions coming soon"
11,"Published on Aug 19, 2021Updated on Dec 18, 2023OKX will launch LUNA staking and Flash deals with fifth phase of subscriptions coming soon"
12,"Published on Aug 13, 2021Updated on Dec 14, 2023OKX launches COMP defi staking"
13,"Published on Aug 13, 2021Updated on Dec 15, 2023OKX launches VELO staking with 120% estimated yield"
14,"Published on Aug 12, 2021Updated on Dec 14, 2023OKX launches SUSHI defi staking"
15,"Published on Aug 10, 2021Updated on Dec 14, 2023OKX Earn launches Flash deals with fourth phase of subscriptions coming soon"
16,"Published on Aug 6, 2021Updated on Dec 18, 2023OKX Earn launches Flash deals with third phase of subscriptions coming soon"
0,"Earn Wednesday Week 27: USDC, KAVA, MATIC& More"
1,"Gate.io Lend & Earn USDT Bonus Boost, Earn Up to 18.51% APR (Limited GT Bonus)!..."
2,"Published on Dec 18, 2023Updated on Dec 18, 2023OKX to list perpetual for ACE crypto, along with its margin trading and Simple Earn"
3,"Published on Dec 15, 2023Updated on Dec 15, 2023OKX to list perpetual for SATS crypto, along with its margin trading and Simple Earn"
4,"Published on Dec 14, 2023Updated on Dec 18, 2023SOL and CORE launching on On-chain Earn"
5,"Published on Nov 27, 2023Updated on Dec 15, 2023OKX Web3 Launches Cryptopedia on Web: Play DApps and Earn Rewards Across Multiple Platforms"
6,"Published on Nov 17, 2021Updated on Dec 15, 2023OKX will launch SKL staking and Flash deals with the 19th phase of subscriptions coming soon"
7,"Published on Nov 14, 2021Updated on Dec 15, 2023OKX Staking undergoing upgrade"
8,"Published on Nov 9, 2021Updated on Dec 15, 2023OKX will launch LPT staking and Flash deals with the 18th phase of subscriptions coming soon"
9,"Published on Aug 30, 2021Updated on Dec 14, 2023OKX launches SUSHI-ETH, DAI-ETH, USDC-ETH liquidity mining and CRV, SNX DeFi staking"
10,"Published on Aug 25, 2021Updated on Dec 14, 2023OKX Earn launches NU staking and Flash deals with sixth phase of subscriptions coming soon"
11,"Published on Aug 19, 2021Updated on Dec 18, 2023OKX will launch LUNA staking and Flash deals with fifth phase of subscriptions coming soon"
12,"Published on Aug 13, 2021Updated on Dec 14, 2023OKX launches COMP defi staking"
13,"Published on Aug 13, 2021Updated on Dec 15, 2023OKX launches VELO staking with 120% estimated yield"
14,"Published on Aug 12, 2021Updated on Dec 14, 2023OKX launches SUSHI defi staking"
15,"Published on Aug 10, 2021Updated on Dec 14, 2023OKX Earn launches Flash deals with fourth phase of subscriptions coming soon"
16,"Published on Aug 6, 2021Updated on Dec 18, 2023OKX Earn launches Flash deals with third phase of subscriptions coming soon"
0,"ELON Flexible & Fixed Promotion, Enjoy an APR of Up to 200%!"
1,"AMB-30D Fixed Promotion, Enjoy an APR of 50%!​"
0,"ELON Flexible & Fixed Promotion, Enjoy an APR of Up to 200%!"
1,"AMB-30D Fixed Promotion, Enjoy an APR of 50%!​"
0,"ELON Flexible & Fixed Promotion, Enjoy an APR of Up to 200%!"
1,"AMB-30D Fixed Promotion, Enjoy an APR of 50%!​"
2,Gate.io Flexible Staking & Earn ATOM/DOT/XTZ: Get up to 4% - 13% APR!...
0,"ELON Flexible & Fixed Promotion, Enjoy an APR of Up to 200%!"
1,"AMB-30D Fixed Promotion, Enjoy an APR of 50%!​"
2,Gate.io Flexible Staking & Earn ATOM/DOT/XTZ: Get up to 4% - 13% APR!...
0,"ELON Flexible & Fixed Promotion, Enjoy an APR of Up to 200%!"
1,"AMB-30D Fixed Promotion, Enjoy an APR of 50%!​"
2,Gate.io Flexible Staking & Earn ATOM/DOT/XTZ: Get up to 4% - 13% APR!...
0,Gate.io Crazy Friday#30: Earn 4% High APR on Top Cryptos with 3-Days Lockup Period...
0,Gate.io Crazy Friday#30: Earn 4% High APR on Top Cryptos with 3-Days Lockup Period...
1,"Published on Dec 22, 2023Updated on Dec 22, 2023OKX Solana Learn & Earn: Learn about Solana and earn extra SOL rewards from a 527 SOL prize pool"
2,"发布于 Nov 17, 2021更新于 Dec 15, 2023OKX will launch SKL staking and Flash deals with the 19th phase of subscriptions coming soon"
3,"发布于 Nov 14, 2021更新于 Dec 15, 2023OKX Staking undergoing upgrade"
4,"发布于 Nov 9, 2021更新于 Dec 15, 2023OKX will launch LPT staking and Flash deals with the 18th phase of subscriptions coming soon"
5,"发布于 Aug 30, 2021更新于 Dec 14, 2023OKX launches SUSHI-ETH, DAI-ETH, USDC-ETH liquidity mining and CRV, SNX DeFi staking"
6,"发布于 Aug 25, 2021更新于 Dec 14, 2023OKX Earn launches NU staking and Flash deals with sixth phase of subscriptions coming soon"
7,"发布于 Aug 19, 2021更新于 Dec 18, 2023OKX will launch LUNA staking and Flash deals with fifth phase of subscriptions coming soon"
8,"发布于 Aug 13, 2021更新于 Dec 14, 2023OKX launches COMP defi staking"
9,"发布于 Aug 13, 2021更新于 Dec 15, 2023OKX launches VELO staking with 120% estimated yield"
10,"发布于 Aug 12, 2021更新于 Dec 14, 2023OKX launches SUSHI defi staking"
11,"发布于 Aug 10, 2021更新于 Dec 14, 2023OKX Earn launches Flash deals with fourth phase of subscriptions coming soon"
12,"发布于 Aug 6, 2021更新于 Dec 18, 2023OKX Earn launches Flash deals with third phase of subscriptions coming soon"
0,Gate.io Crazy Friday#30: Earn 4% High APR on Top Cryptos with 3-Days Lockup Period...
1,"Published on Dec 22, 2023Updated on Dec 22, 2023OKX Solana Learn & Earn: Learn about Solana and earn extra SOL rewards from a 527 SOL prize pool"
2,"发布于 Nov 17, 2021更新于 Dec 15, 2023OKX will launch SKL staking and Flash deals with the 19th phase of subscriptions coming soon"
3,"发布于 Nov 14, 2021更新于 Dec 15, 2023OKX Staking undergoing upgrade"
4,"发布于 Nov 9, 2021更新于 Dec 15, 2023OKX will launch LPT staking and Flash deals with the 18th phase of subscriptions coming soon"
5,"发布于 Aug 30, 2021更新于 Dec 14, 2023OKX launches SUSHI-ETH, DAI-ETH, USDC-ETH liquidity mining and CRV, SNX DeFi staking"
6,"发布于 Aug 25, 2021更新于 Dec 14, 2023OKX Earn launches NU staking and Flash deals with sixth phase of subscriptions coming soon"
7,"发布于 Aug 19, 2021更新于 Dec 18, 2023OKX will launch LUNA staking and Flash deals with fifth phase of subscriptions coming soon"
8,"发布于 Aug 13, 2021更新于 Dec 14, 2023OKX launches COMP defi staking"
9,"发布于 Aug 13, 2021更新于 Dec 15, 2023OKX launches VELO staking with 120% estimated yield"
10,"发布于 Aug 12, 2021更新于 Dec 14, 2023OKX launches SUSHI defi staking"
11,"发布于 Aug 10, 2021更新于 Dec 14, 2023OKX Earn launches Flash deals with fourth phase of subscriptions coming soon"
12,"发布于 Aug 6, 2021更新于 Dec 18, 2023OKX Earn launches Flash deals with third phase of subscriptions coming soon"
0,"GEEQ-90D Fixed Promotion, Enjoy an APR of 15%!​"
0,"GEEQ-90D Fixed Promotion, Enjoy an APR of 15%!​"
0,"GEEQ-90D Fixed Promotion, Enjoy an APR of 15%!​"
0,"GEEQ-90D Fixed Promotion, Enjoy an APR of 15%!​"
1,"Published on Dec 22, 2023Updated on Dec 23, 2023OKX Solana Learn & Earn: Learn about Solana and earn extra SOL rewards from a 527 SOL prize pool"
2,"Publicado el Nov 27, 2023Actualizado el Dec 15, 2023OKX Web3 Launches Cryptopedia on Web: Play DApps and Earn Rewards Across Multiple Platforms"
0,"GEEQ-90D Fixed Promotion, Enjoy an APR of 15%!​"
1,"Published on Dec 22, 2023Updated on Dec 23, 2023OKX Solana Learn & Earn: Learn about Solana and earn extra SOL rewards from a 527 SOL prize pool"
2,"Publicado el Nov 27, 2023Actualizado el Dec 15, 2023OKX Web3 Launches Cryptopedia on Web: Play DApps and Earn Rewards Across Multiple Platforms"
0,"UNO-30D Fixed Promotion, Enjoy an APR of 20%!​"
1,"TRX-90D Fixed Promotion, Enjoy an APR of 5%!"
0,"UNO-30D Fixed Promotion, Enjoy an APR of 20%!​"
1,"TRX-90D Fixed Promotion, Enjoy an APR of 5%!"
0,"UNO-30D Fixed Promotion, Enjoy an APR of 20%!​"
1,"TRX-90D Fixed Promotion, Enjoy an APR of 5%!"
2,Gate.io HODL & Earn: Lock LVN To Earn 150% APR...
3,Gate.io HODL & Earn: Lock BLD To Earn 150% APR...
4,Gate.io Lock USDT & Earn: 150% APR Exclusively for New Users...
0,"UNO-30D Fixed Promotion, Enjoy an APR of 20%!​"
1,"TRX-90D Fixed Promotion, Enjoy an APR of 5%!"
2,Gate.io HODL & Earn: Lock LVN To Earn 150% APR...
3,Gate.io HODL & Earn: Lock BLD To Earn 150% APR...
4,Gate.io Lock USDT & Earn: 150% APR Exclusively for New Users...
0,"UNO-30D Fixed Promotion, Enjoy an APR of 20%!​"
1,"TRX-90D Fixed Promotion, Enjoy an APR of 5%!"
2,Gate.io HODL & Earn: Lock LVN To Earn 150% APR...
3,Gate.io HODL & Earn: Lock BLD To Earn 150% APR...
4,Gate.io Lock USDT & Earn: 150% APR Exclusively for New Users...
0,"Earn Wednesday Week 28: USDT, TRX, GRT& More"
0,"Earn Wednesday Week 28: USDT, TRX, GRT& More"
0,"Earn Wednesday Week 28: USDT, TRX, GRT& More"
1,Gate.io HODL & Earn: Lock ADF To Earn 150% APR...
2,Gate.io Supports Lend & Earn AUCTION/BAKE: Real-Time APR Reaches 499.32%!...
3,Gate.io HODL & Earn: Lock MUSIC To Earn 150% APR...
0,"Earn Wednesday Week 28: USDT, TRX, GRT& More"
1,Gate.io HODL & Earn: Lock ADF To Earn 150% APR...
2,Gate.io Supports Lend & Earn AUCTION/BAKE: Real-Time APR Reaches 499.32%!...
3,Gate.io HODL & Earn: Lock MUSIC To Earn 150% APR...
4,"发布于 Dec 22, 2023更新于 Dec 27, 2023OKX Solana Learn & Earn: Learn about Solana and earn extra SOL rewards from a 527 SOL prize pool"
5,"发布于 Dec 18, 2023更新于 Dec 18, 2023OKX to list perpetual for ACE crypto, along with its margin trading and Simple Earn"
0,"Earn Wednesday Week 28: USDT, TRX, GRT& More"
1,Gate.io HODL & Earn: Lock ADF To Earn 150% APR...
2,Gate.io Supports Lend & Earn AUCTION/BAKE: Real-Time APR Reaches 499.32%!...
3,Gate.io HODL & Earn: Lock MUSIC To Earn 150% APR...
4,"发布于 Dec 22, 2023更新于 Dec 27, 2023OKX Solana Learn & Earn: Learn about Solana and earn extra SOL rewards from a 527 SOL prize pool"
5,"发布于 Dec 18, 2023更新于 Dec 18, 2023OKX to list perpetual for ACE crypto, along with its margin trading and Simple Earn"
0,mETH Super Boost: Enjoy Up to 7% APY & 2x Gas Fee Rebates on Bybit Web3 Staking
0,mETH Super Boost: Enjoy Up to 7% APY & 2x Gas Fee Rebates on Bybit Web3 Staking
1,Gate.io HODL & Earn: Flexible Staking HLN...
0,mETH Super Boost: Enjoy Up to 7% APY & 2x Gas Fee Rebates on Bybit Web3 Staking
1,Gate.io HODL & Earn: Flexible Staking HLN...
2,"发布于 Dec 28, 2023更新于 Dec 28, 2023OKX to list perpetual for METIS crypto, along with its margin trading and Simple Earn"
3,"发布于 Dec 22, 2023更新于 Dec 28, 2023OKX Solana Learn & Earn: Learn about Solana and earn extra SOL rewards from a 527 SOL prize pool"
0,mETH Super Boost: Enjoy Up to 7% APY & 2x Gas Fee Rebates on Bybit Web3 Staking
1,Gate.io HODL & Earn: Flexible Staking HLN...
2,"发布于 Dec 28, 2023更新于 Dec 28, 2023OKX to list perpetual for METIS crypto, along with its margin trading and Simple Earn"
3,"发布于 Dec 22, 2023更新于 Dec 28, 2023OKX Solana Learn & Earn: Learn about Solana and earn extra SOL rewards from a 527 SOL prize pool"
0,New Year's Referral Blitz: Earn 530 USDT!
0,New Year's Referral Blitz: Earn 530 USDT!
1,"Gate.io Bonus for New Users: Lend & Earn $10,000..."
2,"Gate Learn Weekly Must-Read ! ERC-6551, Staking Pools, Token Gating, Braintrust, and Post-Quantum Cr..."
3,GateLearn Online Class: An Introduction to Lend & Earn and Its Usage...
4,Gate.io Lend & Earn USDT Personal Bonus Boost: Up to 19.38% Real-Time APR!...
0,New Year's Referral Blitz: Earn 530 USDT!
1,"Gate.io Bonus for New Users: Lend & Earn $10,000..."
2,"Gate Learn Weekly Must-Read ! ERC-6551, Staking Pools, Token Gating, Braintrust, and Post-Quantum Cr..."
3,GateLearn Online Class: An Introduction to Lend & Earn and Its Usage...
4,Gate.io Lend & Earn USDT Personal Bonus Boost: Up to 19.38% Real-Time APR!...
5,"Published on Dec 28, 2023Updated on Dec 28, 2023OKX to list perpetual for METIS crypto, along with its margin trading and Simple Earn"
6,"Published on Dec 22, 2023Updated on Dec 28, 2023OKX Solana Learn & Earn: Learn about Solana and earn extra SOL rewards from a 527 SOL prize pool"
0,New Year's Referral Blitz: Earn 530 USDT!
1,"Gate.io Bonus for New Users: Lend & Earn $10,000..."
2,"Gate Learn Weekly Must-Read ! ERC-6551, Staking Pools, Token Gating, Braintrust, and Post-Quantum Cr..."
3,GateLearn Online Class: An Introduction to Lend & Earn and Its Usage...
4,Gate.io Lend & Earn USDT Personal Bonus Boost: Up to 19.38% Real-Time APR!...
5,"Published on Dec 28, 2023Updated on Dec 28, 2023OKX to list perpetual for METIS crypto, along with its margin trading and Simple Earn"
6,"Published on Dec 22, 2023Updated on Dec 28, 2023OKX Solana Learn & Earn: Learn about Solana and earn extra SOL rewards from a 527 SOL prize pool"
0,"Gate.io Lend & Earn USDT Bonus Boost, Earn Up to 24.64% APR (Limited GT Bonus)!..."
0,"Gate.io Lend & Earn USDT Bonus Boost, Earn Up to 24.64% APR (Limited GT Bonus)!..."
0,"Gate.io Lend & Earn USDT Bonus Boost, Earn Up to 24.64% APR (Limited GT Bonus)!..."
0,Earn Wednesday Week 29: USDT Flexible 6% APR
1,"HAKA-30D Fixed Promotion, Enjoy an APR of 15%!​"
0,Earn Wednesday Week 29: USDT Flexible 6% APR
1,"HAKA-30D Fixed Promotion, Enjoy an APR of 15%!​"
2,Enhancements to Bybit's Flexible Savings in January
3,"More Rewards With Earn Happy Wednesday: Jan 3, 2024  UTC"
0,Earn Wednesday Week 29: USDT Flexible 6% APR
1,"HAKA-30D Fixed Promotion, Enjoy an APR of 15%!​"
2,Enhancements to Bybit's Flexible Savings in January
3,"More Rewards With Earn Happy Wednesday: Jan 3, 2024  UTC"
0,Earn Wednesday Week 29: USDT Flexible 6% APR
1,"HAKA-30D Fixed Promotion, Enjoy an APR of 15%!​"
2,Enhancements to Bybit's Flexible Savings in January
3,"More Rewards With Earn Happy Wednesday: Jan 3, 2024  UTC"
4,"Published on Dec 22, 2023Updated on Jan 3, 2024OKX Solana Learn & Earn: Learn about Solana and earn extra SOL rewards from a 527 SOL prize pool"
0,Earn Wednesday Week 29: USDT Flexible 6% APR
1,"HAKA-30D Fixed Promotion, Enjoy an APR of 15%!​"
2,Enhancements to Bybit's Flexible Savings in January
3,"More Rewards With Earn Happy Wednesday: Jan 3, 2024  UTC"
4,"Published on Dec 22, 2023Updated on Jan 3, 2024OKX Solana Learn & Earn: Learn about Solana and earn extra SOL rewards from a 527 SOL prize pool"
0,"WORK-30D Fixed Promotion, Enjoy an APR of 100%!​"
0,"WORK-30D Fixed Promotion, Enjoy an APR of 100%!​"
0,"WORK-30D Fixed Promotion, Enjoy an APR of 100%!​"
1,Gate.io HODL & Earn: Lock RDEX To Earn 150% APR
2,Gate.io HODL & Earn: Lock JOYSTREAM To Earn 150% APR
0,"WORK-30D Fixed Promotion, Enjoy an APR of 100%!​"
1,Gate.io HODL & Earn: Lock RDEX To Earn 150% APR
2,Gate.io HODL & Earn: Lock JOYSTREAM To Earn 150% APR
3,"Published on Jan 4, 2024Updated on Jan 4, 2024ATOM and NEAR launching on On-chain Earn"
0,"WORK-30D Fixed Promotion, Enjoy an APR of 100%!​"
1,Gate.io HODL & Earn: Lock RDEX To Earn 150% APR
2,Gate.io HODL & Earn: Lock JOYSTREAM To Earn 150% APR
3,"Published on Jan 4, 2024Updated on Jan 4, 2024ATOM and NEAR launching on On-chain Earn"
0,New User Exclusive: Earn Up to 100% APR for USDT
0,New User Exclusive: Earn Up to 100% APR for USDT
1,"The Campaign 'Gate.io Game: Save Blocky | Play to Earn $3,000' Has Ended | Rewards Has Been Distribu..."
2,Gate.io Structured Product Launched: Enjoy weekend & Earn up to 15% APR
0,New User Exclusive: Earn Up to 100% APR for USDT
1,"The Campaign 'Gate.io Game: Save Blocky | Play to Earn $3,000' Has Ended | Rewards Has Been Distribu..."
2,Gate.io Structured Product Launched: Enjoy weekend & Earn up to 15% APR
3,"Published on Jan 4, 2024Updated on Jan 5, 2024ATOM and NEAR launching on On-chain Earn"
0,New User Exclusive: Earn Up to 100% APR for USDT
1,"The Campaign 'Gate.io Game: Save Blocky | Play to Earn $3,000' Has Ended | Rewards Has Been Distribu..."
2,Gate.io Structured Product Launched: Enjoy weekend & Earn up to 15% APR
3,"Published on Jan 4, 2024Updated on Jan 5, 2024ATOM and NEAR launching on On-chain Earn"
0,"Published on Jan 4, 2024Updated on Jan 6, 2024ATOM and NEAR launching on On-chain Earn"
0,"Published on Jan 4, 2024Updated on Jan 6, 2024ATOM and NEAR launching on On-chain Earn"
0,Gate.io Structured Product Launched: Earn up to 8% APR
1,"Gate Wealth Monday: New SharkFin Plus Launch, Earn up to 14% APR on USDT, BTC, and ETH"
2,Gate.io Double Earning Monday: 200% Stable APR & 250% APR for New Users
0,Gate.io Structured Product Launched: Earn up to 8% APR
1,"Gate Wealth Monday: New SharkFin Plus Launch, Earn up to 14% APR on USDT, BTC, and ETH"
2,Gate.io Double Earning Monday: 200% Stable APR & 250% APR for New Users
3,"Published on Jan 9, 2024Updated on Jan 8, 2024Snowball promotion: subscribe to Snowball and enjoy attractive rewards!"
4,"Published on Jan 8, 2024Updated on Jan 8, 2024OKX to list perpetual for BONK and JTO crypto, along with their margin trading and Simple Earn"
0,Gate.io Structured Product Launched: Earn up to 8% APR
1,"Gate Wealth Monday: New SharkFin Plus Launch, Earn up to 14% APR on USDT, BTC, and ETH"
2,Gate.io Double Earning Monday: 200% Stable APR & 250% APR for New Users
3,"Published on Jan 9, 2024Updated on Jan 8, 2024Snowball promotion: subscribe to Snowball and enjoy attractive rewards!"
4,"Published on Jan 8, 2024Updated on Jan 8, 2024OKX to list perpetual for BONK and JTO crypto, along with their margin trading and Simple Earn"
0,Gate.io Lend & Earn USDT Bonus Distributed Daily: Earn Up to 18.51% APR!
1,Gate.io Lock USDT & Earn: 150% APR Exclusively for New Users
0,Gate.io Lend & Earn USDT Bonus Distributed Daily: Earn Up to 18.51% APR!
1,Gate.io Lock USDT & Earn: 150% APR Exclusively for New Users
2,"Published on Jan 9, 2024Updated on Jan 9, 2024OKX to list perpetual for MOVR and GAL crypto, along with their margin trading and Simple Earn"
0,Gate.io Lend & Earn USDT Bonus Distributed Daily: Earn Up to 18.51% APR!
1,Gate.io Lock USDT & Earn: 150% APR Exclusively for New Users
2,"Published on Jan 9, 2024Updated on Jan 9, 2024OKX to list perpetual for MOVR and GAL crypto, along with their margin trading and Simple Earn"
0,"Earn Wednesday Week 30: USDT, SOL, AKT& More"
1,"GRAPE-30D Fixed Promotion, Enjoy an APR of 60%!​"
0,"Earn Wednesday Week 30: USDT, SOL, AKT& More"
1,"GRAPE-30D Fixed Promotion, Enjoy an APR of 60%!​"
2,"More Rewards With Earn Happy Wednesday: Jan 10, 2024 UTC"
0,"Earn Wednesday Week 30: USDT, SOL, AKT& More"
1,"GRAPE-30D Fixed Promotion, Enjoy an APR of 60%!​"
2,"More Rewards With Earn Happy Wednesday: Jan 10, 2024 UTC"
3,Gate.io Crypto Loan Launches Fixed Rate Loan
4,Gate.io Structured Product Launched: Earn up to 13% APR
5,"Gate.io Bonus for New Users: Lend & Earn $10,000"
0,"Earn Wednesday Week 30: USDT, SOL, AKT& More"
1,"GRAPE-30D Fixed Promotion, Enjoy an APR of 60%!​"
2,"More Rewards With Earn Happy Wednesday: Jan 10, 2024 UTC"
3,Gate.io Crypto Loan Launches Fixed Rate Loan
4,Gate.io Structured Product Launched: Earn up to 13% APR
5,"Gate.io Bonus for New Users: Lend & Earn $10,000"
6,"Published on Jan 9, 2024Updated on Jan 10, 2024OKX to list perpetual for MOVR and GAL crypto, along with their margin trading and Simple Earn"
0,"Earn Wednesday Week 30: USDT, SOL, AKT& More"
1,"GRAPE-30D Fixed Promotion, Enjoy an APR of 60%!​"
2,"More Rewards With Earn Happy Wednesday: Jan 10, 2024 UTC"
3,Gate.io Crypto Loan Launches Fixed Rate Loan
4,Gate.io Structured Product Launched: Earn up to 13% APR
5,"Gate.io Bonus for New Users: Lend & Earn $10,000"
6,"Published on Jan 9, 2024Updated on Jan 10, 2024OKX to list perpetual for MOVR and GAL crypto, along with their margin trading and Simple Earn"
0,"Discover Bybit Earn Updates (Jan 3, 2024)"
1,[ETF Celebration] Fiat x P2P Giveaway: Deposit and Trade to Earn Up to 15 USDT
0,"Discover Bybit Earn Updates (Jan 3, 2024)"
1,[ETF Celebration] Fiat x P2P Giveaway: Deposit and Trade to Earn Up to 15 USDT
2,Gate.io Structured Product Launched: Earn up to 14% APR
0,"Discover Bybit Earn Updates (Jan 3, 2024)"
1,[ETF Celebration] Fiat x P2P Giveaway: Deposit and Trade to Earn Up to 15 USDT
2,Gate.io Structured Product Launched: Earn up to 14% APR
3,"Published on Jan 11, 2024Updated on Jan 11, 2024OKX to list perpetual for NMR and JOE crypto, along with their margin trading and Simple Earn"
4,"Published on Jan 11, 2024Updated on Jan 11, 2024APT staking launching on On-chain Earn"
5,"Published on Jan 11, 2024Updated on Jan 11, 2024Exclusive On-chain earn airdrop: Stake SOL, DOT, MATIC and TRX for free rewards"
6,"Published on Jan 9, 2024Updated on Jan 10, 2024Snowball promotion: subscribe to Snowball and enjoy attractive rewards!"
7,"Published on Jan 8, 2024Updated on Jan 10, 2024OKX to list perpetual for BONK and JTO crypto, along with their margin trading and Simple Earn"
8,"Published on Nov 27, 2023Updated on Jan 10, 2024OKX Web3 Launches Cryptopedia on Web: Play DApps and Earn Rewards Across Multiple Platforms"
0,"Discover Bybit Earn Updates (Jan 3, 2024)"
1,[ETF Celebration] Fiat x P2P Giveaway: Deposit and Trade to Earn Up to 15 USDT
2,Gate.io Structured Product Launched: Earn up to 14% APR
3,"Published on Jan 11, 2024Updated on Jan 11, 2024OKX to list perpetual for NMR and JOE crypto, along with their margin trading and Simple Earn"
4,"Published on Jan 11, 2024Updated on Jan 11, 2024APT staking launching on On-chain Earn"
5,"Published on Jan 11, 2024Updated on Jan 11, 2024Exclusive On-chain earn airdrop: Stake SOL, DOT, MATIC and TRX for free rewards"
6,"Published on Jan 9, 2024Updated on Jan 10, 2024Snowball promotion: subscribe to Snowball and enjoy attractive rewards!"
7,"Published on Jan 8, 2024Updated on Jan 10, 2024OKX to list perpetual for BONK and JTO crypto, along with their margin trading and Simple Earn"
8,"Published on Nov 27, 2023Updated on Jan 10, 2024OKX Web3 Launches Cryptopedia on Web: Play DApps and Earn Rewards Across Multiple Platforms"
0,"Exclusive Earn Products for New Users And VIPs: 100,000 USDT Worth of Rate-Up Coupons To Be Shared"
0,"Exclusive Earn Products for New Users And VIPs: 100,000 USDT Worth of Rate-Up Coupons To Be Shared"
1,"mETH on Bybit: Added as New Margin Trading Collateral, Stake for 7% APY"
2,Arbitrum Adventure: Enjoy 30% Guaranteed APR and 20 USDT Bonus
0,"Exclusive Earn Products for New Users And VIPs: 100,000 USDT Worth of Rate-Up Coupons To Be Shared"
1,"mETH on Bybit: Added as New Margin Trading Collateral, Stake for 7% APY"
2,Arbitrum Adventure: Enjoy 30% Guaranteed APR and 20 USDT Bonus
3,Gate.io Crazy Friday#33: Earn 4% High APR on Top Cryptos with 3-Days Lockup Period
0,"Exclusive Earn Products for New Users And VIPs: 100,000 USDT Worth of Rate-Up Coupons To Be Shared"
1,"mETH on Bybit: Added as New Margin Trading Collateral, Stake for 7% APY"
2,Arbitrum Adventure: Enjoy 30% Guaranteed APR and 20 USDT Bonus
3,Gate.io Crazy Friday#33: Earn 4% High APR on Top Cryptos with 3-Days Lockup Period
4,"Published on Jan 12, 2024Updated on Jan 12, 2024OKX to list perpetual for FXS and LQTY crypto, along with their margin trading and Simple Earn"
5,"Published on Jan 11, 2024Updated on Jan 12, 2024OKX to list perpetual for NMR and JOE crypto, along with their margin trading and Simple Earn"
6,"Published on Jan 11, 2024Updated on Jan 12, 2024Exclusive On-chain earn airdrop: Stake SOL, DOT, MATIC and TRX for free rewards"
0,"Exclusive Earn Products for New Users And VIPs: 100,000 USDT Worth of Rate-Up Coupons To Be Shared"
1,"mETH on Bybit: Added as New Margin Trading Collateral, Stake for 7% APY"
2,Arbitrum Adventure: Enjoy 30% Guaranteed APR and 20 USDT Bonus
3,Gate.io Crazy Friday#33: Earn 4% High APR on Top Cryptos with 3-Days Lockup Period
4,"Published on Jan 12, 2024Updated on Jan 12, 2024OKX to list perpetual for FXS and LQTY crypto, along with their margin trading and Simple Earn"
5,"Published on Jan 11, 2024Updated on Jan 12, 2024OKX to list perpetual for NMR and JOE crypto, along with their margin trading and Simple Earn"
6,"Published on Jan 11, 2024Updated on Jan 12, 2024Exclusive On-chain earn airdrop: Stake SOL, DOT, MATIC and TRX for free rewards"
0,"Spend More, Earn More: Unwrap Unlimited Cashback Rewards with KuCard!"
0,"Spend More, Earn More: Unwrap Unlimited Cashback Rewards with KuCard!"
1,"Bybit Launchpool: Stake ONDO, USDY, mUSD or USDT to Earn a Share of 9,000,000 ONDO!"
0,"Spend More, Earn More: Unwrap Unlimited Cashback Rewards with KuCard!"
1,"Bybit Launchpool: Stake ONDO, USDY, mUSD or USDT to Earn a Share of 9,000,000 ONDO!"
2,Gate.io HODL & Earn: Lock CGPT To Earn 150% APR
3,Gate.io HODL & Earn: Lock ROOT To Earn 150% APR
0,"Spend More, Earn More: Unwrap Unlimited Cashback Rewards with KuCard!"
1,"Bybit Launchpool: Stake ONDO, USDY, mUSD or USDT to Earn a Share of 9,000,000 ONDO!"
2,Gate.io HODL & Earn: Lock CGPT To Earn 150% APR
3,Gate.io HODL & Earn: Lock ROOT To Earn 150% APR
4,"Published on Jan 11, 2024Updated on Jan 16, 2024Exclusive On-chain earn airdrop: Stake SOL, DOT, MATIC and TRX for free rewards"
0,"Spend More, Earn More: Unwrap Unlimited Cashback Rewards with KuCard!"
1,"Bybit Launchpool: Stake ONDO, USDY, mUSD or USDT to Earn a Share of 9,000,000 ONDO!"
2,Gate.io HODL & Earn: Lock CGPT To Earn 150% APR
3,Gate.io HODL & Earn: Lock ROOT To Earn 150% APR
4,"Published on Jan 11, 2024Updated on Jan 16, 2024Exclusive On-chain earn airdrop: Stake SOL, DOT, MATIC and TRX for free rewards"
0,"Earn Wednesday Week 31: SUI, SOL, LUNC& More"
0,"Earn Wednesday Week 31: SUI, SOL, LUNC& More"
1,"More Rewards With Earn Happy  Wednesday: Jan 17, 2024 UTC"
0,"Earn Wednesday Week 31: SUI, SOL, LUNC& More"
1,"More Rewards With Earn Happy  Wednesday: Jan 17, 2024 UTC"
0,"Earn Wednesday Week 31: SUI, SOL, LUNC& More"
1,"More Rewards With Earn Happy  Wednesday: Jan 17, 2024 UTC"
0,"Earn Wednesday Week 31: SUI, SOL, LUNC& More"
1,"More Rewards With Earn Happy  Wednesday: Jan 17, 2024 UTC"
0,"Published on Jan 18, 2024Updated on Jan 18, 2024CFX and RON launching on On-chain Earn"
0,"Published on Jan 18, 2024Updated on Jan 18, 2024CFX and RON launching on On-chain Earn"
0,"IOTX-30D Fixed Promotion, Enjoy an APR of 100%!​"
0,"IOTX-30D Fixed Promotion, Enjoy an APR of 100%!​"
0,"IOTX-30D Fixed Promotion, Enjoy an APR of 100%!​"
0,"IOTX-30D Fixed Promotion, Enjoy an APR of 100%!​"
0,"IOTX-30D Fixed Promotion, Enjoy an APR of 100%!​"
0,Gate.io HODL & Earn: Lock HLN To Earn 150% APR
1,Gate.io HODL & Earn: Lock KCT To Earn 150% APR
0,Gate.io HODL & Earn: Lock HLN To Earn 150% APR
1,Gate.io HODL & Earn: Lock KCT To Earn 150% APR
0,Gate.io HODL & Earn: Lock HLN To Earn 150% APR
1,Gate.io HODL & Earn: Lock KCT To Earn 150% APR
0,"Bybit Dual Asset: TIA, SEI Now Supported!"
0,"Bybit Dual Asset: TIA, SEI Now Supported!"
0,"Bybit Dual Asset: TIA, SEI Now Supported!"
0,"Bybit Dual Asset: TIA, SEI Now Supported!"
0,Earn Wednesday Week 32: TRX 4.8% APR
0,Earn Wednesday Week 32: TRX 4.8% APR
1,Copy Trading Referral Relay Continues: Invite Friends and Earn Up to 665 USDT and More Rewards!
2,"More Rewards With Earn Happy Wednesday:  Jan 24, 2024 UTC"
3,Congratulations to Bybit Web3 Staking mETH Super Boost Winners
0,Earn Wednesday Week 32: TRX 4.8% APR
1,Copy Trading Referral Relay Continues: Invite Friends and Earn Up to 665 USDT and More Rewards!
2,"More Rewards With Earn Happy Wednesday:  Jan 24, 2024 UTC"
3,Congratulations to Bybit Web3 Staking mETH Super Boost Winners
0,Earn Wednesday Week 32: TRX 4.8% APR
1,Copy Trading Referral Relay Continues: Invite Friends and Earn Up to 665 USDT and More Rewards!
2,"More Rewards With Earn Happy Wednesday:  Jan 24, 2024 UTC"
3,Congratulations to Bybit Web3 Staking mETH Super Boost Winners
0,Earn Wednesday Week 32: TRX 4.8% APR
1,Copy Trading Referral Relay Continues: Invite Friends and Earn Up to 665 USDT and More Rewards!
2,"More Rewards With Earn Happy Wednesday:  Jan 24, 2024 UTC"
3,Congratulations to Bybit Web3 Staking mETH Super Boost Winners
